Workbook

Sheet Übersicht
A1: Dienstplan Fitnessstudio — 4-Wochen-Rotation
A2: Rollierender Plan. Nach Woche 4 beginnt wieder Woche 1.
A4: Öffnungszeiten | B4: von | C4: bis | D4: Öffnungsstunden
A5: Mo | B5: 06:00 | C5: 22:00 | D5: 16
A6: Di | B6: 08:00 | C6: 24:00 | D6: 16
A7: Mi | B7: 06:00 | C7: 22:00 | D7: 16
A8: Do | B8: 08:00 | C8: 24:00 | D8: 16
A9: Fr | B9: 06:00 | C9: 22:00 | D9: 16
A10: Sa | B10: 09:00 | C10: 20:00 | D10: 11
A11: So | B11: 09:00 | C11: 20:00 | D11: 11
A12: Summe Öffnung je Woche | D12: =SUM(D5:D11) -> 102
A14: Team | B14: Vertrag | C14: Std./Woche | D14: Rolle im Plan
A15: VZ 1 — Studioleitung | B15: Vollzeit | C15: 40 | D15: Trägt Früh- bzw. Spätwoche, Bürozeit, Wochenende alle 4 Wochen
A16: VZ 2 — Trainer/in | B16: Vollzeit | C16: 40 | D16: Trägt Früh- bzw. Spätwoche, Bürozeit, Wochenende alle 4 Wochen
A17: TZ 1 — Trainer/in | B17: Teilzeit | C17: 20 | D17: Zwischendienste, eine volle Schicht, Wochenende jede 2. Woche
A18: TZ 2 — Trainer/in | B18: Teilzeit | C18: 20 | D18: Zwischendienste, eine volle Schicht, Wochenende jede 2. Woche
A19: MJ — Aushilfe Theke | B19: Minijob | C19: 9 | D19: Zwei feste Abenddienste je Woche, kein Wochenenddienst
A21: Kennzahlen | B21: Wert | D21: Erläuterung
A22: Öffnungsstunden je Woche | B22: 102 | D22: Mo/Mi/Fr 16 h, Di/Do 16 h, Sa/So 11 h
A23: Geplante Arbeitsstunden je Woche | B23: 129.25 | D23: Durchschnitt über die vier Wochen, inkl. Büro- und Aufgabenblöcken
A24: Vertragsstunden je Woche | B24: 129 | D24: 2 × 40 h + 2 × 20 h + 9 h Minijob
A25: Doppelbesetzung abends | B25: 22.5 | D25: Zwischendienst an fünf Werktagen zur Hauptlastzeit
A26: Minijob-Stunden je Monat | B26: 39 | D26: 9,0 h/Woche × 13/3 — gesetzlicher Umrechnungsfaktor
A27: Minijob-Entgelt je Monat | B27: 542.1 | D27: bei 13.90 €/h; Geringfügigkeitsgrenze 2026: 603 €
A29: Annahmen — bitte prüfen und bei Bedarf anpassen
A30: • | B30: Wochenstunden Teilzeit mit je 20 h angesetzt (nicht vorgegeben).
A31: • | B31: Minijob mit 9,0 h/Woche angesetzt, damit die Geringfügigkeitsgrenze auch in Monaten mit fünf Abrechnungswochen sicher eingehalten wird.
A32: • | B32: Mindestbesetzung: eine Person während der gesamten Öffnungszeit, abends zusätzlich ein Zwischendienst.
A33: • | B33: Pausen: 30 min ab mehr als 6 h, 60 min beim Wochenend-Tagesdienst. Pausen sind unbezahlt und in den Stunden bereits abgezogen.
A34: • | B34: Urlaub, Krankheit und Feiertage sind nicht eingerechnet — dafür ist der Puffer im Blatt Stundenkonto vorgesehen.
A35: • | B35: Kurse, Reinigung durch Dienstleister und Buchhaltung sind nicht abgebildet.

Sheet Woche 1
A1: Woche 1 — VZ 1 Frühwoche · VZ 2 Spätwoche · Wochenende TZ 1 / TZ 2
A2: Zeiten sind Anwesenheitszeiten; die Pause ist in den Stunden bereits abgezogen.
A4: Mitarbeiter/in | B4: Vertrag | C4: Mo 06:00–22:00 | D4: Di 08:00–24:00 | E4: Mi 06:00–22:00 | F4: Do 08:00–24:00 | G4: Fr 06:00–22:00 | H4: Sa 09:00–20:00 | I4: So 09:00–20:00 | J4: Ist-Std.
A5: VZ 1 — Studioleitung | B5: Vollzeit | C5: 06:00–14:30 F | D5: 08:00–16:30 F | E5: 06:00–14:30 F 14:30–15:30 B | F5: 08:00–16:30 F | G5: 06:00–14:30 F | H5: frei | I5: frei | J5: =J12 -> 41
A6: VZ 2 — Trainer/in | B6: Vollzeit | C6: 12:30–13:30 B 13:30–22:00 S | D6: 15:30–24:00 S | E6: 13:30–22:00 S | F6: 15:30–24:00 S | G6: 12:30–16:00 V 16:30–21:00 Z | H6: frei | I6: frei | J6: =J13 -> 41
A7: TZ 1 — Trainer/in | B7: Teilzeit | C7: 15:00–16:30 P 16:30–21:00 Z | D7: frei | E7: frei | F7: frei | G7: 13:30–22:00 S | H7: 09:00–20:00 T | I7: frei | J7: =J14 -> 24
A8: TZ 2 — Trainer/in | B8: Teilzeit | C8: frei | D8: 16:00–17:30 P 17:30–22:00 Z | E8: frei | F8: frei | G8: frei | H8: frei | I8: 09:00–20:00 T | J8: =J15 -> 16
A9: MJ — Aushilfe Theke | B9: Minijob | C9: frei | D9: frei | E9: 16:30–21:00 Z | F9: 17:30–22:00 Z | G9: frei | H9: frei | I9: frei | J9: =J16 -> 9
A11: Arbeitsstunden je Tag | B11: Soll | C11: Mo | D11: Di | E11: Mi | F11: Do | G11: Fr | H11: Sa | I11: So | J11: Summe
A12: VZ 1 — Studioleitung | B12: 40 | C12: 8 | D12: 8 | E12: 9 | F12: 8 | G12: 8 | J12: =SUM(C12:I12) -> 41
A13: VZ 2 — Trainer/in | B13: 40 | C13: 9 | D13: 8 | E13: 8 | F13: 8 | G13: 8 | J13: =SUM(C13:I13) -> 41
A14: TZ 1 — Trainer/in | B14: 20 | C14: 6 | G14: 8 | H14: 10 | J14: =SUM(C14:I14) -> 24
A15: TZ 2 — Trainer/in | B15: 20 | D15: 6 | I15: 10 | J15: =SUM(C15:I15) -> 16
A16: MJ — Aushilfe Theke | B16: 9 | E16: 4.5 | F16: 4.5 | J16: =SUM(C16:I16) -> 9
A17: Summe Studio | C17: =SUM(C12:C16) -> 23 | D17: =SUM(D12:D16) -> 22 | E17: =SUM(E12:E16) -> 21.5 | F17: =SUM(F12:F16) -> 20.5 | G17: =SUM(G12:G16) -> 24 | H17: =SUM(H12:H16) -> 10 | I17: =SUM(I12:I16) -> 10 | J17: =SUM(J12:J16) -> 131
A18: Besetzte Personen je Tag | C18: 3 | D18: 3 | E18: 3 | F18: 3 | G18: 3 | H18: 1 | I18: 1

Sheet Woche 2
A1: Woche 2 — VZ 2 Frühwoche · VZ 1 Spätwoche · Wochenende TZ 2 / TZ 1
A2: Zeiten sind Anwesenheitszeiten; die Pause ist in den Stunden bereits abgezogen.
A4: Mitarbeiter/in | B4: Vertrag | C4: Mo 06:00–22:00 | D4: Di 08:00–24:00 | E4: Mi 06:00–22:00 | F4: Do 08:00–24:00 | G4: Fr 06:00–22:00 | H4: Sa 09:00–20:00 | I4: So 09:00–20:00 | J4: Ist-Std.
A5: VZ 1 — Studioleitung | B5: Vollzeit | C5: 12:30–13:30 B 13:30–22:00 S | D5: 15:30–24:00 S | E5: 13:30–22:00 S | F5: 15:30–24:00 S | G5: 12:30–16:00 V 16:30–21:00 Z | H5: frei | I5: frei | J5: =J12 -> 41
A6: VZ 2 — Trainer/in | B6: Vollzeit | C6: 06:00–14:30 F | D6: 08:00–16:30 F | E6: 06:00–14:30 F 14:30–15:30 B | F6: 08:00–16:30 F | G6: 06:00–14:30 F | H6: frei | I6: frei | J6: =J13 -> 41
A7: TZ 1 — Trainer/in | B7: Teilzeit | C7: frei | D7: 16:00–17:30 P 17:30–22:00 Z | E7: frei | F7: frei | G7: frei | H7: frei | I7: 09:00–20:00 T | J7: =J14 -> 16
A8: TZ 2 — Trainer/in | B8: Teilzeit | C8: 15:00–16:30 P 16:30–21:00 Z | D8: frei | E8: frei | F8: frei | G8: 13:30–22:00 S | H8: 09:00–20:00 T | I8: frei | J8: =J15 -> 24
A9: MJ — Aushilfe Theke | B9: Minijob | C9: frei | D9: frei | E9: 16:30–21:00 Z | F9: 17:30–22:00 Z | G9: frei | H9: frei | I9: frei | J9: =J16 -> 9
A11: Arbeitsstunden je Tag | B11: Soll | C11: Mo | D11: Di | E11: Mi | F11: Do | G11: Fr | H11: Sa | I11: So | J11: Summe
A12: VZ 1 — Studioleitung | B12: 40 | C12: 9 | D12: 8 | E12: 8 | F12: 8 | G12: 8 | J12: =SUM(C12:I12) -> 41
A13: VZ 2 — Trainer/in | B13: 40 | C13: 8 | D13: 8 | E13: 9 | F13: 8 | G13: 8 | J13: =SUM(C13:I13) -> 41
A14: TZ 1 — Trainer/in | B14: 20 | D14: 6 | I14: 10 | J14: =SUM(C14:I14) -> 16
A15: TZ 2 — Trainer/in | B15: 20 | C15: 6 | G15: 8 | H15: 10 | J15: =SUM(C15:I15) -> 24
A16: MJ — Aushilfe Theke | B16: 9 | E16: 4.5 | F16: 4.5 | J16: =SUM(C16:I16) -> 9
A17: Summe Studio | C17: =SUM(C12:C16) -> 23 | D17: =SUM(D12:D16) -> 22 | E17: =SUM(E12:E16) -> 21.5 | F17: =SUM(F12:F16) -> 20.5 | G17: =SUM(G12:G16) -> 24 | H17: =SUM(H12:H16) -> 10 | I17: =SUM(I12:I16) -> 10 | J17: =SUM(J12:J16) -> 131
A18: Besetzte Personen je Tag | C18: 3 | D18: 3 | E18: 3 | F18: 3 | G18: 3 | H18: 1 | I18: 1

Sheet Woche 3
A1: Woche 3 — Wochenenddienst der Vollzeitkräfte (VZ 2 Sa / VZ 1 So)
A2: Zeiten sind Anwesenheitszeiten; die Pause ist in den Stunden bereits abgezogen.
A4: Mitarbeiter/in | B4: Vertrag | C4: Mo 06:00–22:00 | D4: Di 08:00–24:00 | E4: Mi 06:00–22:00 | F4: Do 08:00–24:00 | G4: Fr 06:00–22:00 | H4: Sa 09:00–20:00 | I4: So 09:00–20:00 | J4: Ist-Std.
A5: VZ 1 — Studioleitung | B5: Vollzeit | C5: frei | D5: 14:30–15:30 B 15:30–24:00 S | E5: 13:30–22:00 S | F5: 15:30–24:00 S | G5: 13:30–22:00 S | H5: frei | I5: 09:00–20:00 T | J5: =J12 -> 43
A6: VZ 2 — Trainer/in | B6: Vollzeit | C6: frei | D6: 08:00–16:30 F | E6: 06:00–14:30 F 14:30–15:30 B | F6: 08:00–16:30 F | G6: frei | H6: 09:00–20:00 T | I6: frei | J6: =J13 -> 35
A7: TZ 1 — Trainer/in | B7: Teilzeit | C7: 13:30–22:00 S | D7: frei | E7: frei | F7: 17:30–22:00 Z | G7: 15:00–16:30 P 16:30–21:00 Z | H7: frei | I7: frei | J7: =J14 -> 18.5
A8: TZ 2 — Trainer/in | B8: Teilzeit | C8: 06:00–14:30 F | D8: 16:00–17:30 P 17:30–22:00 Z | E8: frei | F8: frei | G8: 06:00–14:30 F | H8: frei | I8: frei | J8: =J15 -> 22
A9: MJ — Aushilfe Theke | B9: Minijob | C9: 16:30–21:00 Z | D9: frei | E9: 16:30–21:00 Z | F9: frei | G9: frei | H9: frei | I9: frei | J9: =J16 -> 9
A11: Arbeitsstunden je Tag | B11: Soll | C11: Mo | D11: Di | E11: Mi | F11: Do | G11: Fr | H11: Sa | I11: So | J11: Summe
A12: VZ 1 — Studioleitung | B12: 40 | D12: 9 | E12: 8 | F12: 8 | G12: 8 | I12: 10 | J12: =SUM(C12:I12) -> 43
A13: VZ 2 — Trainer/in | B13: 40 | D13: 8 | E13: 9 | F13: 8 | H13: 10 | J13: =SUM(C13:I13) -> 35
A14: TZ 1 — Trainer/in | B14: 20 | C14: 8 | F14: 4.5 | G14: 6 | J14: =SUM(C14:I14) -> 18.5
A15: TZ 2 — Trainer/in | B15: 20 | C15: 8 | D15: 6 | G15: 8 | J15: =SUM(C15:I15) -> 22
A16: MJ — Aushilfe Theke | B16: 9 | C16: 4.5 | E16: 4.5 | J16: =SUM(C16:I16) -> 9
A17: Summe Studio | C17: =SUM(C12:C16) -> 20.5 | D17: =SUM(D12:D16) -> 23 | E17: =SUM(E12:E16) -> 21.5 | F17: =SUM(F12:F16) -> 20.5 | G17: =SUM(G12:G16) -> 22 | H17: =SUM(H12:H16) -> 10 | I17: =SUM(I12:I16) -> 10 | J17: =SUM(J12:J16) -> 127.5
A18: Besetzte Personen je Tag | C18: 3 | D18: 3 | E18: 3 | F18: 3 | G18: 3 | H18: 1 | I18: 1

Sheet Woche 4
A1: Woche 4 — Wochenenddienst der Vollzeitkräfte (VZ 1 Sa / VZ 2 So)
A2: Zeiten sind Anwesenheitszeiten; die Pause ist in den Stunden bereits abgezogen.
A4: Mitarbeiter/in | B4: Vertrag | C4: Mo 06:00–22:00 | D4: Di 08:00–24:00 | E4: Mi 06:00–22:00 | F4: Do 08:00–24:00 | G4: Fr 06:00–22:00 | H4: Sa 09:00–20:00 | I4: So 09:00–20:00 | J4: Ist-Std.
A5: VZ 1 — Studioleitung | B5: Vollzeit | C5: frei | D5: 08:00–16:30 F | E5: 06:00–14:30 F 14:30–15:30 B | F5: 08:00–16:30 F | G5: frei | H5: 09:00–20:00 T | I5: frei | J5: =J12 -> 35
A6: VZ 2 — Trainer/in | B6: Vollzeit | C6: frei | D6: 14:30–15:30 B 15:30–24:00 S | E6: 13:30–22:00 S | F6: 15:30–24:00 S | G6: 13:30–22:00 S | H6: frei | I6: 09:00–20:00 T | J6: =J13 -> 43
A7: TZ 1 — Trainer/in | B7: Teilzeit | C7: 06:00–14:30 F | D7: 16:00–17:30 P 17:30–22:00 Z | E7: frei | F7: frei | G7: 06:00–14:30 F | H7: frei | I7: frei | J7: =J14 -> 22
A8: TZ 2 — Trainer/in | B8: Teilzeit | C8: 13:30–22:00 S | D8: frei | E8: frei | F8: 17:30–22:00 Z | G8: 15:00–16:30 P 16:30–21:00 Z | H8: frei | I8: frei | J8: =J15 -> 18.5
A9: MJ — Aushilfe Theke | B9: Minijob | C9: 16:30–21:00 Z | D9: frei | E9: 16:30–21:00 Z | F9: frei | G9: frei | H9: frei | I9: frei | J9: =J16 -> 9
A11: Arbeitsstunden je Tag | B11: Soll | C11: Mo | D11: Di | E11: Mi | F11: Do | G11: Fr | H11: Sa | I11: So | J11: Summe
A12: VZ 1 — Studioleitung | B12: 40 | D12: 8 | E12: 9 | F12: 8 | H12: 10 | J12: =SUM(C12:I12) -> 35
A13: VZ 2 — Trainer/in | B13: 40 | D13: 9 | E13: 8 | F13: 8 | G13: 8 | I13: 10 | J13: =SUM(C13:I13) -> 43
A14: TZ 1 — Trainer/in | B14: 20 | C14: 8 | D14: 6 | G14: 8 | J14: =SUM(C14:I14) -> 22
A15: TZ 2 — Trainer/in | B15: 20 | C15: 8 | F15: 4.5 | G15: 6 | J15: =SUM(C15:I15) -> 18.5
A16: MJ — Aushilfe Theke | B16: 9 | C16: 4.5 | E16: 4.5 | J16: =SUM(C16:I16) -> 9
A17: Summe Studio | C17: =SUM(C12:C16) -> 20.5 | D17: =SUM(D12:D16) -> 23 | E17: =SUM(E12:E16) -> 21.5 | F17: =SUM(F12:F16) -> 20.5 | G17: =SUM(G12:G16) -> 22 | H17: =SUM(H12:H16) -> 10 | I17: =SUM(I12:I16) -> 10 | J17: =SUM(J12:J16) -> 127.5
A18: Besetzte Personen je Tag | C18: 3 | D18: 3 | E18: 3 | F18: 3 | G18: 3 | H18: 1 | I18: 1

Sheet Stundenkonto
A1: Stundenkonto — vier Wochen
A2: Alle Werte holen sich die Zahlen aus den Wochenblättern. Ändert sich dort eine Schicht, ändert sich hier die Summe.
A4: Mitarbeiter/in | B4: Woche 1 | C4: Woche 2 | D4: Woche 3 | E4: Woche 4 | F4: Ist gesamt | G4: Soll gesamt | H4: Konto | I4: Hinweis
A5: VZ 1 — Studioleitung | B5: ='Woche 1'!J12 -> 41 | C5: ='Woche 2'!J12 -> 41 | D5: ='Woche 3'!J12 -> 43 | E5: ='Woche 4'!J12 -> 35 | F5: =SUM(B5:E5) -> 160 | G5: 160 | H5: =F5-G5 -> 0 | I5: Vier Wochen genau auf Vertragssoll.
A6: VZ 2 — Trainer/in | B6: ='Woche 1'!J13 -> 41 | C6: ='Woche 2'!J13 -> 41 | D6: ='Woche 3'!J13 -> 35 | E6: ='Woche 4'!J13 -> 43 | F6: =SUM(B6:E6) -> 160 | G6: 160 | H6: =F6-G6 -> 0 | I6: Vier Wochen genau auf Vertragssoll.
A7: TZ 1 — Trainer/in | B7: ='Woche 1'!J14 -> 24 | C7: ='Woche 2'!J14 -> 16 | D7: ='Woche 3'!J14 -> 18.5 | E7: ='Woche 4'!J14 -> 22 | F7: =SUM(B7:E7) -> 80.5 | G7: 80 | H7: =F7-G7 -> 0.5 | I7: +0,5 h wandern ins Gleitzeitkonto.
A8: TZ 2 — Trainer/in | B8: ='Woche 1'!J15 -> 16 | C8: ='Woche 2'!J15 -> 24 | D8: ='Woche 3'!J15 -> 22 | E8: ='Woche 4'!J15 -> 18.5 | F8: =SUM(B8:E8) -> 80.5 | G8: 80 | H8: =F8-G8 -> 0.5 | I8: +0,5 h wandern ins Gleitzeitkonto.
A9: MJ — Aushilfe Theke | B9: ='Woche 1'!J16 -> 9 | C9: ='Woche 2'!J16 -> 9 | D9: ='Woche 3'!J16 -> 9 | E9: ='Woche 4'!J16 -> 9 | F9: =SUM(B9:E9) -> 36 | G9: 36 | H9: =F9-G9 -> 0 | I9: 36 h je vier Wochen; 39,0 h im Monatsschnitt.
A10: Summe | B10: =SUM(B5:B9) -> 131 | C10: =SUM(C5:C9) -> 131 | D10: =SUM(D5:D9) -> 127.5 | E10: =SUM(E5:E9) -> 127.5 | F10: =SUM(F5:F9) -> 517 | G10: =SUM(G5:G9) -> 516 | H10: =SUM(H5:H9) -> 1
A12: Minijob-Kontrolle
A13: Stunden je Woche (Schnitt) | B13: =F9/4 -> 9 | C13: Ist gesamt geteilt durch vier Wochen
A14: Umrechnungsfaktor Woche → Monat | B14: 4.3333333 | C14: 13/3, gesetzlicher Faktor
A15: Stunden je Monat | B15: =B13*B14 -> 39 | C15: Grundlage der Entgeltrechnung
A16: Stundenlohn | B16: 13.9 | C16: gesetzlicher Mindestlohn ab 01.01.2026
A17: Entgelt je Monat | B17: =B15*B16 -> 542.1 | C17: muss unter der Geringfügigkeitsgrenze bleiben
A18: Geringfügigkeitsgrenze 2026 | B18: 603 | C18: 603 € entsprechen 43,38 h bei 13,90 €/h
A19: Abstand zur Grenze | B19: =B18-B17 -> 60.9 | C19: positiver Wert = Puffer

Sheet Besetzung
A1: Besetzungsstärke im Tagesverlauf
A2: Anzahl Personen im Thekendienst je halber Stunde. Das Raster ist in allen vier Wochen identisch — die Rotation tauscht nur, wer die Schicht übernimmt.
A4: Uhrzeit | B4: Mo | C4: Di | D4: Mi | E4: Do | F4: Fr | G4: Sa | H4: So
A5: 06:00–06:30 | B5: 1 | D5: 1 | F5: 1
A6: 06:30–07:00 | B6: 1 | D6: 1 | F6: 1
A7: 07:00–07:30 | B7: 1 | D7: 1 | F7: 1
A8: 07:30–08:00 | B8: 1 | D8: 1 | F8: 1
A9: 08:00–08:30 | B9: 1 | C9: 1 | D9: 1 | E9: 1 | F9: 1
A10: 08:30–09:00 | B10: 1 | C10: 1 | D10: 1 | E10: 1 | F10: 1
A11: 09:00–09:30 | B11: 1 | C11: 1 | D11: 1 | E11: 1 | F11: 1 | G11: 1 | H11: 1
A12: 09:30–10:00 | B12: 1 | C12: 1 | D12: 1 | E12: 1 | F12: 1 | G12: 1 | H12: 1
A13: 10:00–10:30 | B13: 1 | C13: 1 | D13: 1 | E13: 1 | F13: 1 | G13: 1 | H13: 1
A14: 10:30–11:00 | B14: 1 | C14: 1 | D14: 1 | E14: 1 | F14: 1 | G14: 1 | H14: 1
A15: 11:00–11:30 | B15: 1 | C15: 1 | D15: 1 | E15: 1 | F15: 1 | G15: 1 | H15: 1
A16: 11:30–12:00 | B16: 1 | C16: 1 | D16: 1 | E16: 1 | F16: 1 | G16: 1 | H16: 1
A17: 12:00–12:30 | B17: 1 | C17: 1 | D17: 1 | E17: 1 | F17: 1 | G17: 1 | H17: 1
A18: 12:30–13:00 | B18: 1 | C18: 1 | D18: 1 | E18: 1 | F18: 1 | G18: 1 | H18: 1
A19: 13:00–13:30 | B19: 1 | C19: 1 | D19: 1 | E19: 1 | F19: 1 | G19: 1 | H19: 1
A20: 13:30–14:00 | B20: 2 | C20: 1 | D20: 2 | E20: 1 | F20: 2 | G20: 1 | H20: 1
A21: 14:00–14:30 | B21: 2 | C21: 1 | D21: 2 | E21: 1 | F21: 2 | G21: 1 | H21: 1
A22: 14:30–15:00 | B22: 1 | C22: 1 | D22: 1 | E22: 1 | F22: 1 | G22: 1 | H22: 1
... A32: 19:30–20:00 | B32: 2 | C32: 2 | D32: 2 | E32: 2 | F32: 2 | G32: 1 | H32: 1
A33: 20:00–20:30 | B33: 2 | C33: 2 | D33: 2 | E33: 2 | F33: 2
A34: 20:30–21:00 | B34: 2 | C34: 2 | D34: 2 | E34: 2 | F34: 2
A35: 21:00–21:30 | B35: 1 | C35: 2 | D35: 1 | E35: 2 | F35: 1
A36: 21:30–22:00 | B36: 1 | C36: 2 | D36: 1 | E36: 2 | F36: 1
A37: 22:00–22:30 | C37: 1 | E37: 1
A38: 22:30–23:00 | C38: 1 | E38: 1
A39: 23:00–23:30 | C39: 1 | E39: 1
A40: 23:30–24:00 | C40: 1 | E40: 1
A42: Leer = geschlossen · 1 = Grundbesetzung · 2 = Doppelbesetzung zur Hauptlastzeit

Sheet Schichtlegende
A1: Schichtlegende
A2: Die Zeiten hängen vom Tag ab, weil das Studio unterschiedlich lange geöffnet hat.
A4: Code | B4: Schicht | C4: Mo / Mi / Fr | D4: Di / Do | E4: Sa / So | F4: Arbeitszeit
A5: F | B5: Frühdienst | C5: 06:00–14:30 (0,5 h Pause) | D5: 08:00–16:30 (0,5 h Pause) | E5: — | F5: 8
A6: S | B6: Spätdienst | C6: 13:30–22:00 (0,5 h Pause) | D6: 15:30–24:00 (0,5 h Pause) | E6: — | F6: 8
A7: Z | B7: Zwischendienst | C7: 16:30–21:00 (0,0 h Pause) | D7: 17:30–22:00 (0,0 h Pause) | E7: — | F7: 4.5
A8: T | B8: Tagesdienst | C8: — | D8: — | E8: 09:00–20:00 (1,0 h Pause) | F8: 10
A10: Zusatzblöcke ohne Thekendienst
A11: Code | B11: Block | C11: Lage | F11: Dauer
A12: B | B12: Bürozeit | C12: direkt im Anschluss an den Frühdienst bzw. vor dem Spätdienst | F12: 1
A13: P | B13: Studioaufgaben | C13: unmittelbar vor dem Zwischendienst — Probetraining, Gerätecheck | F13: 1.5
A14: V | B14: Verwaltung | C14: großer Büroblock, danach 30 min Pause, dann Zwischendienst | F14: 3.5
A17: Regeln, die der Plan einhält
A18: • | B18: Ruhezeit: mindestens 11 Stunden zwischen zwei Diensten (§ 5 ArbZG). Deshalb folgt auf einen Spätdienst nie ein Frühdienst am nächsten Tag.
A19: • | B19: Höchstarbeitszeit: höchstens 10 Stunden am Tag (§ 3 ArbZG); der Wochenend-Tagesdienst nutzt diesen Rahmen aus und wird über den Sechs-Monats-Schnitt auf 8 Stunden ausgeglichen.
A20: • | B20: Pausen: 30 Minuten bei mehr als 6 Stunden, 45 Minuten bei mehr als 9 Stunden (§ 4 ArbZG).
A21: • | B21: Nachtarbeit: der Spätdienst an Di/Do endet um 24:00 und liegt damit nur eine Stunde in der Nachtzeit — keine Nachtarbeit im Sinne des § 2 Abs. 4 ArbZG.
A22: • | B22: Sonntagsarbeit ist im Sportbetrieb zulässig (§ 10 Abs. 1 Nr. 4 ArbZG); der Ersatzruhetag liegt in derselben oder der folgenden Woche.
A23: • | B23: Jede Person hat in vier Wochen mindestens zwei vollständig freie Wochenenden.
